,split0_test_score,split1_test_score,split2_test_score,split3_test_score,split4_test_score,split5_test_score,split6_test_score,split7_test_score,split8_test_score,split9_test_score,mean_test_score,std_test_score,rank_test_score,mean_fit_time,std_fit_time,mean_score_time,std_score_time,param_colsample_bylevel,param_colsample_bytree,param_gamma,param_max_bin,param_max_delta_step,param_max_depth,param_min_child_samples,param_min_child_weight,param_reg_alpha,param_reg_lambda,param_scale_pos_weight,param_subsample,param_subsample_for_bin,param_subsample_freq,params
0,0.5,0.7504254252705704,0.5,0.5,0.7330336534594035,0.5,0.5,0.5,0.7451449979799043,0.5,0.5728618474219738,0.11136808433800564,1,62.092251491546634,14.61863382123454,0.13470768928527832,0.19153016765715358,0.18273244758535206,0.7530295101748936,0.2941753333970994,975,7,4,27,11,0.029394738173342497,3.9521013253427832,29.069100513684432,0.023611001936572194,207802,7,"{'colsample_bylevel': 0.18273244758535206, 'colsample_bytree': 0.7530295101748936, 'gamma': 0.2941753333970994, 'max_bin': 975, 'max_delta_step': 7, 'max_depth': 4, 'min_child_samples': 27, 'min_child_weight': 11, 'reg_alpha': 0.029394738173342497, 'reg_lambda': 3.9521013253427832, 'scale_pos_weight': 29.069100513684432, 'subsample': 0.023611001936572194, 'subsample_for_bin': 207802, 'subsample_freq': 7}"
1,0.5,0.5,0.8799794094169044,0.5,0.5,0.5,0.5,0.49938313552907154,0.5,0.5,0.5379409927046501,0.11402083285260886,1,117.52272188663483,105.5872597294133,0.32941882610321044,0.9615896214973901,0.9683778260444021,0.559584163572638,0.19880354967418387,521,3,10,1,18,0.0003645256184213313,335.47374974190694,5.344590377857035,0.8573598985000007,357145,9,"{'colsample_bylevel': 0.9683778260444021, 'colsample_bytree': 0.559584163572638, 'gamma': 0.19880354967418387, 'max_bin': 521, 'max_delta_step': 3, 'max_depth': 10, 'min_child_samples': 1, 'min_child_weight': 18, 'reg_alpha': 0.0003645256184213313, 'reg_lambda': 335.47374974190694, 'scale_pos_weight': 5.344590377857035, 'subsample': 0.8573598985000007, 'subsample_for_bin': 357145, 'subsample_freq': 9}"
2,0.5,0.5,0.5,0.5,0.5,0.5,0.5,0.5,0.5,0.5,0.5,0.0,1,59.98791444301605,5.194370805752422,0.007500481605529785,0.002907026262889537,0.32977035443621655,0.5558147814323374,0.02219584775349879,697,15,6,16,19,0.002366238338992301,5.626057618867077,107.73852547354524,0.3787602835889503,122894,9,"{'colsample_bylevel': 0.32977035443621655, 'colsample_bytree': 0.5558147814323374, 'gamma': 0.02219584775349879, 'max_bin': 697, 'max_delta_step': 15, 'max_depth': 6, 'min_child_samples': 16, 'min_child_weight': 19, 'reg_alpha': 0.002366238338992301, 'reg_lambda': 5.626057618867077, 'scale_pos_weight': 107.73852547354524, 'subsample': 0.3787602835889503, 'subsample_for_bin': 122894, 'subsample_freq': 9}"
3,0.5,0.5,0.5,0.5,0.5,0.5,0.5,0.5,0.5,0.5,0.5,0.0,1,55.48236129283905,2.954432632094511,0.009520435333251953,0.0031369717736081646,0.684890708829741,0.6858047953450256,0.027680960381780695,699,1,9,7,10,0.07808183190195106,23.32876121439766,1.577986543036058e-05,0.2291444654312473,171862,5,"{'colsample_bylevel': 0.684890708829741, 'colsample_bytree': 0.6858047953450256, 'gamma': 0.027680960381780695, 'max_bin': 699, 'max_delta_step': 1, 'max_depth': 9, 'min_child_samples': 7, 'min_child_weight': 10, 'reg_alpha': 0.07808183190195106, 'reg_lambda': 23.32876121439766, 'scale_pos_weight': 1.577986543036058e-05, 'subsample': 0.2291444654312473, 'subsample_for_bin': 171862, 'subsample_freq': 5}"
4,0.8855242476934215,0.8797527737727641,0.8736386391341745,0.8791780629072479,0.8725816507119298,0.8715969845856821,0.8819524960178574,0.8707432868582327,0.8775291830299577,0.8801166082825471,0.8772613529958304,0.004668895462944623,1,196.62935829162598,7.74297483032328,3.1435544013977053,0.6026679553167881,0.28150111507871806,0.44558226111279997,0.134599679035547,758,18,12,43,14,0.9565520194874415,0.30645447558039884,25.66443361297534,0.3922137210014925,208621,3,"{'colsample_bylevel': 0.28150111507871806, 'colsample_bytree': 0.44558226111279997, 'gamma': 0.134599679035547, 'max_bin': 758, 'max_delta_step': 18, 'max_depth': 12, 'min_child_samples': 43, 'min_child_weight': 14, 'reg_alpha': 0.9565520194874415, 'reg_lambda': 0.30645447558039884, 'scale_pos_weight': 25.66443361297534, 'subsample': 0.3922137210014925, 'subsample_for_bin': 208621, 'subsample_freq': 3}"
5,0.5,0.5,0.5,0.5,0.5,0.5,0.5,0.5,0.5,0.5,0.5,0.0,1,40.41113328933716,3.0827106734889282,0.008540129661560059,0.006489429027325182,0.2060894610541997,0.9644973625875616,0.013736561355070882,445,18,11,6,17,0.004049290241245824,1.3469731098624163,2.0252069384274985e-06,0.0745854032108555,382944,10,"{'colsample_bylevel': 0.2060894610541997, 'colsample_bytree': 0.9644973625875616, 'gamma': 0.013736561355070882, 'max_bin': 445, 'max_delta_step': 18, 'max_depth': 11, 'min_child_samples': 6, 'min_child_weight': 17, 'reg_alpha': 0.004049290241245824, 'reg_lambda': 1.3469731098624163, 'scale_pos_weight': 2.0252069384274985e-06, 'subsample': 0.0745854032108555, 'subsample_for_bin': 382944, 'subsample_freq': 10}"
6,0.8784668292049034,0.874509600688106,0.8638596591647433,0.8734069757368366,0.8725251851760178,0.8616087727331794,0.874596174356704,0.862436514042374,0.8672785518468009,0.8716550388616878,0.8700344598938363,0.005537143138645305,1,90.73139600753784,3.713770262935884,1.9014063596725463,0.39991284266139776,0.729604656282827,0.4306910549138994,0.012698560389099847,545,13,9,6,12,0.04436310688741278,0.0032416759353544114,0.035775094765493204,0.44410167522974564,317926,7,"{'colsample_bylevel': 0.729604656282827, 'colsample_bytree': 0.4306910549138994, 'gamma': 0.012698560389099847, 'max_bin': 545, 'max_delta_step': 13, 'max_depth': 9, 'min_child_samples': 6, 'min_child_weight': 12, 'reg_alpha': 0.04436310688741278, 'reg_lambda': 0.0032416759353544114, 'scale_pos_weight': 0.035775094765493204, 'subsample': 0.44410167522974564, 'subsample_for_bin': 317926, 'subsample_freq': 7}"
7,0.5,0.5,0.5,0.5,0.5,0.5,0.5,0.5,0.5,0.5,0.5,0.0,1,60.0704448223114,0.41087277078409995,0.007080173492431641,0.006502448067792963,0.06500410966004398,0.5263348072706933,0.012755847566890226,167,15,13,41,20,0.03883962725843603,0.9005851424838706,0.004994724072426115,0.79461000056564,395111,2,"{'colsample_bylevel': 0.06500410966004398, 'colsample_bytree': 0.5263348072706933, 'gamma': 0.012755847566890226, 'max_bin': 167, 'max_delta_step': 15, 'max_depth': 13, 'min_child_samples': 41, 'min_child_weight': 20, 'reg_alpha': 0.03883962725843603, 'reg_lambda': 0.9005851424838706, 'scale_pos_weight': 0.004994724072426115, 'subsample': 0.79461000056564, 'subsample_for_bin': 395111, 'subsample_freq': 2}"
8,0.5,0.5,0.5,0.5,0.5,0.5,0.5,0.5,0.5,0.5,0.5,0.0,1,80.98148462772369,1.484003514659461,0.0059201717376708984,0.006326692886705054,0.21117283577113885,0.536624028316195,0.2667051543105763,525,8,12,47,10,0.001296042641094606,170.27583254068617,0.00041289315891137473,0.9570643210574555,401745,7,"{'colsample_bylevel': 0.21117283577113885, 'colsample_bytree': 0.536624028316195, 'gamma': 0.2667051543105763, 'max_bin': 525, 'max_delta_step': 8, 'max_depth': 12, 'min_child_samples': 47, 'min_child_weight': 10, 'reg_alpha': 0.001296042641094606, 'reg_lambda': 170.27583254068617, 'scale_pos_weight': 0.00041289315891137473, 'subsample': 0.9570643210574555, 'subsample_for_bin': 401745, 'subsample_freq': 7}"
9,0.5,0.5,0.5,0.5,0.5,0.5,0.5,0.5,0.5,0.5,0.5,0.0,1,30.79418044090271,3.12217416749333,0.005560183525085449,0.005081656594441992,0.9921239177787613,0.30489044791299197,0.10114786970945643,694,5,12,11,11,0.0007665118332207681,0.2829709058317781,1.0619260512470257e-05,0.060606125755654404,357517,7,"{'colsample_bylevel': 0.9921239177787613, 'colsample_bytree': 0.30489044791299197, 'gamma': 0.10114786970945643, 'max_bin': 694, 'max_delta_step': 5, 'max_depth': 12, 'min_child_samples': 11, 'min_child_weight': 11, 'reg_alpha': 0.0007665118332207681, 'reg_lambda': 0.2829709058317781, 'scale_pos_weight': 1.0619260512470257e-05, 'subsample': 0.060606125755654404, 'subsample_for_bin': 357517, 'subsample_freq': 7}"
10,0.5,0.5,0.5,0.5,0.5,0.5,0.5,0.5,0.5,0.5,0.5,0.0,1,52.489353275299074,3.6345437609496516,0.008640170097351074,0.006472555597383139,0.21589399657139854,0.4783741512542382,0.2248297601210043,869,20,11,43,13,1.0,0.08522681895690809,499.99999999999994,0.3086672279854829,202679,4,"{'colsample_bylevel': 0.21589399657139854, 'colsample_bytree': 0.4783741512542382, 'gamma': 0.2248297601210043, 'max_bin': 869, 'max_delta_step': 20, 'max_depth': 11, 'min_child_samples': 43, 'min_child_weight': 13, 'reg_alpha': 1.0, 'reg_lambda': 0.08522681895690809, 'scale_pos_weight': 499.99999999999994, 'subsample': 0.3086672279854829, 'subsample_for_bin': 202679, 'subsample_freq': 4}"
11,0.772044377270224,0.7957459793444429,0.7780194751953862,0.7885574525225398,0.7745509056143759,0.789793893058916,0.7901708799722604,0.7795495109201265,0.7768407638283676,0.7798987707601597,0.782517313078992,0.007512044220878549,1,58.14264719486236,2.4422069159725157,1.1874075412750245,0.29095198208858536,0.5906821898000615,0.4788940749733956,0.34383254327243945,699,17,9,6,19,0.9607048495319921,0.30676733570701714,5.115553268982748,0.032587894860057656,118212,4,"{'colsample_bylevel': 0.5906821898000615, 'colsample_bytree': 0.4788940749733956, 'gamma': 0.34383254327243945, 'max_bin': 699, 'max_delta_step': 17, 'max_depth': 9, 'min_child_samples': 6, 'min_child_weight': 19, 'reg_alpha': 0.9607048495319921, 'reg_lambda': 0.30676733570701714, 'scale_pos_weight': 5.115553268982748, 'subsample': 0.032587894860057656, 'subsample_for_bin': 118212, 'subsample_freq': 4}"
12,0.8847105251758942,0.8802335043285088,0.8730677957711181,0.8828146754701336,0.8805610817868479,0.8744682184117869,0.8815113256936049,0.8717185054697381,0.8775392448092829,0.8812443015499785,0.8787870153181991,0.0041580442588395935,1,179.63954911231994,7.274320832405506,2.601901626586914,0.622756775849873,0.5402034694928123,0.6406688565421427,0.16562306529995546,646,11,7,8,19,0.04668055721810734,0.0031085382805907534,0.31084301341353343,0.4659890874376032,418179,8,"{'colsample_bylevel': 0.5402034694928123, 'colsample_bytree': 0.6406688565421427, 'gamma': 0.16562306529995546, 'max_bin': 646, 'max_delta_step': 11, 'max_depth': 7, 'min_child_samples': 8, 'min_child_weight': 19, 'reg_alpha': 0.04668055721810734, 'reg_lambda': 0.0031085382805907534, 'scale_pos_weight': 0.31084301341353343, 'subsample': 0.4659890874376032, 'subsample_for_bin': 418179, 'subsample_freq': 8}"
13,0.8840979127862725,0.875964555113457,0.8680771705970804,0.878314836358236,0.8727754125851624,0.8648207335259864,0.8764309011174768,0.8673675598946764,0.8688783747594848,0.8769738502095172,0.8733702497965138,0.005712317946109181,1,59.37799968719482,1.5242941243610506,1.9269397020339967,0.43816554604669006,0.42134743525299456,0.32410953582950136,0.1297804748785498,298,15,4,14,14,0.05419952599774453,0.002743295676672179,0.023221628171126538,0.6336329182630199,491347,4,"{'colsample_bylevel': 0.42134743525299456, 'colsample_bytree': 0.32410953582950136, 'gamma': 0.1297804748785498, 'max_bin': 298, 'max_delta_step': 15, 'max_depth': 4, 'min_child_samples': 14, 'min_child_weight': 14, 'reg_alpha': 0.05419952599774453, 'reg_lambda': 0.002743295676672179, 'scale_pos_weight': 0.023221628171126538, 'subsample': 0.6336329182630199, 'subsample_for_bin': 491347, 'subsample_freq': 4}"
14,0.8854039683669239,0.879813880311628,0.8742613070301912,0.8820222242161345,0.8813082832620682,0.8703845225645565,0.8808925262651139,0.8723725211258667,0.8766967642865656,0.8800810050633969,0.8783238013807365,0.0044970209667666225,1,65.79845626354218,1.0396452378756664,4.109172916412353,0.8013481435900907,0.45422667004181366,0.11862257336124982,0.0811789502853397,612,2,15,0,15,0.27360286062516626,0.0030855623958609526,176.6638847288113,0.42824982596074684,216112,8,"{'colsample_bylevel': 0.45422667004181366, 'colsample_bytree': 0.11862257336124982, 'gamma': 0.0811789502853397, 'max_bin': 612, 'max_delta_step': 2, 'max_depth': 15, 'min_child_samples': 0, 'min_child_weight': 15, 'reg_alpha': 0.27360286062516626, 'reg_lambda': 0.0030855623958609526, 'scale_pos_weight': 176.6638847288113, 'subsample': 0.42824982596074684, 'subsample_for_bin': 216112, 'subsample_freq': 8}"
15,0.8393037257971696,0.8441771656466774,0.8334688248361726,0.8440839588373978,0.8444359015612333,0.831070973311139,0.8427870199950775,0.8376497076666114,0.8470396697259637,0.8435908013665443,0.8407605253377878,0.004966278635513112,1,234.08385989665985,10.212441068134162,2.379456949234009,0.388299459829081,0.01,0.5344988194855148,0.4846802990893615,1000,12,9,48,20,0.23445116694987422,0.0035944800838419396,63.27696958737998,0.12361041435219408,334042,10,"{'colsample_bylevel': 0.01, 'colsample_bytree': 0.5344988194855148, 'gamma': 0.4846802990893615, 'max_bin': 1000, 'max_delta_step': 12, 'max_depth': 9, 'min_child_samples': 48, 'min_child_weight': 20, 'reg_alpha': 0.23445116694987422, 'reg_lambda': 0.0035944800838419396, 'scale_pos_weight': 63.27696958737998, 'subsample': 0.12361041435219408, 'subsample_for_bin': 334042, 'subsample_freq': 10}"
16,0.5,0.5,0.5,0.5,0.5,0.5,0.5,0.5,0.5,0.5,0.5,0.0,1,15.941292405128479,2.089376680349092,0.007120180130004883,0.00554778661426908,0.7064788186568708,0.41989249896680525,0.08386966028846049,893,4,12,0,17,0.09098847603198312,0.0015569698542449968,1.8135899038368885e-06,0.01,259639,4,"{'colsample_bylevel': 0.7064788186568708, 'colsample_bytree': 0.41989249896680525, 'gamma': 0.08386966028846049, 'max_bin': 893, 'max_delta_step': 4, 'max_depth': 12, 'min_child_samples': 0, 'min_child_weight': 17, 'reg_alpha': 0.09098847603198312, 'reg_lambda': 0.0015569698542449968, 'scale_pos_weight': 1.8135899038368885e-06, 'subsample': 0.01, 'subsample_for_bin': 259639, 'subsample_freq': 4}"
17,0.8922923769979518,0.8913131253751478,0.8795501166438741,0.8873133543312932,0.885459660402344,0.8799774756656746,0.8880123961121283,0.8789753703121783,0.8848932445213612,0.883048842972776,0.8850837644057274,0.004501700208335051,1,125.74160585403442,5.43514949841347,4.400742626190185,0.8348567194783119,0.02438075788839325,0.14092739894375406,0.0608572021479176,913,6,13,50,16,0.5016565359801991,0.31646732889315526,499.99999999999994,0.187936456254131,395109,0,"{'colsample_bylevel': 0.02438075788839325, 'colsample_bytree': 0.14092739894375406, 'gamma': 0.0608572021479176, 'max_bin': 913, 'max_delta_step': 6, 'max_depth': 13, 'min_child_samples': 50, 'min_child_weight': 16, 'reg_alpha': 0.5016565359801991, 'reg_lambda': 0.31646732889315526, 'scale_pos_weight': 499.99999999999994, 'subsample': 0.187936456254131, 'subsample_for_bin': 395109, 'subsample_freq': 0}"
18,0.8878942532007451,0.8875817590019988,0.8774191227885622,0.8885776408853796,0.8818501203566765,0.8790570100802584,0.8826541116300237,0.8798031451574204,0.8813983241719543,0.8775001586665202,0.8823738176888273,0.004041180145216464,1,90.93740389347076,2.3949480927426796,2.557577872276306,0.7274492610183952,0.5245666319782127,0.44222574355166855,0.15089554110457232,198,4,4,30,18,1.0,0.0651563599895171,145.44896423556432,0.792417273856195,383122,0,"{'colsample_bylevel': 0.5245666319782127, 'colsample_bytree': 0.44222574355166855, 'gamma': 0.15089554110457232, 'max_bin': 198, 'max_delta_step': 4, 'max_depth': 4, 'min_child_samples': 30, 'min_child_weight': 18, 'reg_alpha': 1.0, 'reg_lambda': 0.0651563599895171, 'scale_pos_weight': 145.44896423556432, 'subsample': 0.792417273856195, 'subsample_for_bin': 383122, 'subsample_freq': 0}"
19,0.888975993638732,0.8856630910317259,0.8764298156593628,0.8862401223987179,0.88111026713613,0.8744570026546538,0.8851502068856625,0.8718175752969385,0.8795612754621065,0.8850844183285371,0.8814491069161626,0.005429598682555824,1,126.59170999526978,3.727617200993596,3.889426326751709,0.7959272654246966,0.045591346725869626,0.546984836666893,0.010882433706733629,210,0,7,9,19,0.5949561904636744,0.023157250405507344,101.78982937589971,0.6044138200500704,307120,2,"{'colsample_bylevel': 0.045591346725869626, 'colsample_bytree': 0.546984836666893, 'gamma': 0.010882433706733629, 'max_bin': 210, 'max_delta_step': 0, 'max_depth': 7, 'min_child_samples': 9, 'min_child_weight': 19, 'reg_alpha': 0.5949561904636744, 'reg_lambda': 0.023157250405507344, 'scale_pos_weight': 101.78982937589971, 'subsample': 0.6044138200500704, 'subsample_for_bin': 307120, 'subsample_freq': 2}"
20,0.8932619598646064,0.8881537626157929,0.8809435777801154,0.8900550268249972,0.8862463104026533,0.8796657549674203,0.8883517876685929,0.8824037281214349,0.8857105705957656,0.8815372541249425,0.8856331141273535,0.004203531972634216,1,112.33607413768769,4.48555122984532,4.384484362602234,0.8267348339164335,0.08087454462962847,0.13014390582011248,0.07030787841345475,843,4,12,39,15,0.6102137578044542,0.22009483608463354,464.8552552452487,0.2889782015821093,352468,0,"{'colsample_bylevel': 0.08087454462962847, 'colsample_bytree': 0.13014390582011248, 'gamma': 0.07030787841345475, 'max_bin': 843, 'max_delta_step': 4, 'max_depth': 12, 'min_child_samples': 39, 'min_child_weight': 15, 'reg_alpha': 0.6102137578044542, 'reg_lambda': 0.22009483608463354, 'scale_pos_weight': 464.8552552452487, 'subsample': 0.2889782015821093, 'subsample_for_bin': 352468, 'subsample_freq': 0}"
21,0.8219030587303454,0.8099513158790369,0.8062354195157269,0.8103697796451798,0.8028072653354207,0.8118347895769262,0.812342010715021,0.8049585996479927,0.8133926926714643,0.820067909270614,0.8113861218871822,0.005793581369628572,1,65.46479501724244,2.815922520797964,1.6059558629989623,0.34818663836280717,0.3434388550557757,0.8205491427991922,0.03538276699975543,537,16,6,28,15,0.12448465444643605,0.00014293541774169363,0.11424853805341685,0.08971780605032628,391568,4,"{'colsample_bylevel': 0.3434388550557757, 'colsample_bytree': 0.8205491427991922, 'gamma': 0.03538276699975543, 'max_bin': 537, 'max_delta_step': 16, 'max_depth': 6, 'min_child_samples': 28, 'min_child_weight': 15, 'reg_alpha': 0.12448465444643605, 'reg_lambda': 0.00014293541774169363, 'scale_pos_weight': 0.11424853805341685, 'subsample': 0.08971780605032628, 'subsample_for_bin': 391568, 'subsample_freq': 4}"
22,0.8738780375364319,0.867191125783556,0.8632950038056224,0.876094116445858,0.868747408773352,0.8609369875559241,0.8747443921059923,0.8589919025895925,0.864492599948298,0.8695416782119135,0.8677914308462551,0.0056051184443928325,1,65.10852677822113,1.6719005616134779,3.3676379442214968,0.6614521882050647,0.5112732273746088,0.31959388548222833,0.03284630617364474,329,0,13,50,16,1.0,0.000729959808509773,5.855934073988089,0.2351125951415641,326859,4,"{'colsample_bylevel': 0.5112732273746088, 'colsample_bytree': 0.31959388548222833, 'gamma': 0.03284630617364474, 'max_bin': 329, 'max_delta_step': 0, 'max_depth': 13, 'min_child_samples': 50, 'min_child_weight': 16, 'reg_alpha': 1.0, 'reg_lambda': 0.000729959808509773, 'scale_pos_weight': 5.855934073988089, 'subsample': 0.2351125951415641, 'subsample_for_bin': 326859, 'subsample_freq': 4}"
23,0.8936340136012326,0.8890912452120319,0.8787073878578987,0.8875094367060017,0.8837270193003843,0.8767693823753271,0.888114561871429,0.8762370183697131,0.8842330370010325,0.8857682323311284,0.8843792318481222,0.005388569606224123,1,457.8196843147278,14.54140493474376,2.4574946641921995,0.577012544067134,0.4135748980934336,0.9369788768052845,0.0927436221011056,778,11,11,50,19,1.0,0.021958826484077515,9.074255971042513,0.8101676720931105,165902,2,"{'colsample_bylevel': 0.4135748980934336, 'colsample_bytree': 0.9369788768052845, 'gamma': 0.0927436221011056, 'max_bin': 778, 'max_delta_step': 11, 'max_depth': 11, 'min_child_samples': 50, 'min_child_weight': 19, 'reg_alpha': 1.0, 'reg_lambda': 0.021958826484077515, 'scale_pos_weight': 9.074255971042513, 'subsample': 0.8101676720931105, 'subsample_for_bin': 165902, 'subsample_freq': 2}"
24,0.8846324016262075,0.8832041329678286,0.8656781588213088,0.8808840182422355,0.8772590081867293,0.8720494823734708,0.8798344914699331,0.868555623838058,0.8764630214130144,0.8786286259169765,0.876719002028035,0.005883024531258079,1,61.22300796508789,0.6846016008456575,3.447143793106079,0.667053313180568,0.0628484310582484,0.2843390569964955,0.15966808393141982,168,0,15,50,14,0.37081346910057583,0.004326289518720684,107.51536070134433,0.46653355795100043,338786,6,"{'colsample_bylevel': 0.0628484310582484, 'colsample_bytree': 0.2843390569964955, 'gamma': 0.15966808393141982, 'max_bin': 168, 'max_delta_step': 0, 'max_depth': 15, 'min_child_samples': 50, 'min_child_weight': 14, 'reg_alpha': 0.37081346910057583, 'reg_lambda': 0.004326289518720684, 'scale_pos_weight': 107.51536070134433, 'subsample': 0.46653355795100043, 'subsample_for_bin': 338786, 'subsample_freq': 6}"
25,0.8919783357982215,0.8883742102559976,0.8804392554593664,0.8881777411310433,0.8872112522663564,0.8758152695185113,0.8872260293587241,0.8828835975969375,0.8827949765405746,0.8872295122823366,0.8852130403480959,0.004461636327557192,1,367.7196985244751,14.677126942766078,3.4902833223342897,0.8124139661717479,0.10643571476075946,0.6052219075284705,0.01072742857836876,909,10,15,50,19,1.0,0.01897845666901448,19.279210649703586,0.8405415291156825,303700,1,"{'colsample_bylevel': 0.10643571476075946, 'colsample_bytree': 0.6052219075284705, 'gamma': 0.01072742857836876, 'max_bin': 909, 'max_delta_step': 10, 'max_depth': 15, 'min_child_samples': 50, 'min_child_weight': 19, 'reg_alpha': 1.0, 'reg_lambda': 0.01897845666901448, 'scale_pos_weight': 19.279210649703586, 'subsample': 0.8405415291156825, 'subsample_for_bin': 303700, 'subsample_freq': 1}"
26,0.8909998576759095,0.8888715710723192,0.8800033879321546,0.8900020420412988,0.8839443729386212,0.8779574791309567,0.8865932982357833,0.8798317825293456,0.8828356106493873,0.8827934285745246,0.8843834534665214,0.0043208598929322444,1,334.14111864566803,10.433341930893574,1.8110861778259277,0.42362563583191365,0.713365076477876,0.9482874974839756,0.49999999999999994,682,8,4,33,20,0.346695984842615,0.0027596563837239928,5.792996928206922,0.9408669258029505,226389,6,"{'colsample_bylevel': 0.713365076477876, 'colsample_bytree': 0.9482874974839756, 'gamma': 0.49999999999999994, 'max_bin': 682, 'max_delta_step': 8, 'max_depth': 4, 'min_child_samples': 33, 'min_child_weight': 20, 'reg_alpha': 0.346695984842615, 'reg_lambda': 0.0027596563837239928, 'scale_pos_weight': 5.792996928206922, 'subsample': 0.9408669258029505, 'subsample_for_bin': 226389, 'subsample_freq': 6}"
27,0.8858603336571722,0.882045815981139,0.872134567427585,0.8793579017716255,0.8786168883003409,0.8703566765468462,0.882345292403047,0.8685153767207578,0.8761538151945252,0.8813387274790289,0.8776726122234896,0.005436206865234023,1,85.588303732872,2.7086295486939767,3.064072346687317,0.5099947109776192,0.1273867048110121,0.18839535201332197,0.011137713935478067,350,5,15,30,14,0.7783302997798943,0.5531050081796836,305.6797869541906,0.4506053884562867,368916,1,"{'colsample_bylevel': 0.1273867048110121, 'colsample_bytree': 0.18839535201332197, 'gamma': 0.011137713935478067, 'max_bin': 350, 'max_delta_step': 5, 'max_depth': 15, 'min_child_samples': 30, 'min_child_weight': 14, 'reg_alpha': 0.7783302997798943, 'reg_lambda': 0.5531050081796836, 'scale_pos_weight': 305.6797869541906, 'subsample': 0.4506053884562867, 'subsample_for_bin': 368916, 'subsample_freq': 1}"
28,0.8840252037400296,0.8847913559773024,0.8749532032202372,0.8800049349331386,0.8747489990903634,0.8703214822744627,0.8811367179095029,0.8721937310470907,0.8741728056420266,0.8787683298529898,0.8775117937689203,0.004708212103576691,1,419.48391416072843,13.067741193057046,2.837703728675842,0.6144498213334818,0.7020825668170664,0.9708067924780908,0.41291398011058583,940,15,7,35,12,1.0,0.03371330795449352,19.065506229850094,0.39344156851353546,395181,6,"{'colsample_bylevel': 0.7020825668170664, 'colsample_bytree': 0.9708067924780908, 'gamma': 0.41291398011058583, 'max_bin': 940, 'max_delta_step': 15, 'max_depth': 7, 'min_child_samples': 35, 'min_child_weight': 12, 'reg_alpha': 1.0, 'reg_lambda': 0.03371330795449352, 'scale_pos_weight': 19.065506229850094, 'subsample': 0.39344156851353546, 'subsample_for_bin': 395181, 'subsample_freq': 6}"
29,0.891093837985681,0.8875218127138729,0.8783883189049708,0.8874912594444411,0.8819301776575931,0.8776155919135165,0.8876401102771014,0.8795686283008441,0.8839215088334682,0.8813228608270163,0.8836494773774325,0.004362267609066511,1,481.6709060430527,12.744102011909757,2.6116034269332884,0.4755198226612311,0.6542537484327784,0.9188560003287417,0.040883398250097604,929,8,5,9,18,1.0,0.004271958450193768,6.954888662473871,0.6661655088823851,114457,0,"{'colsample_bylevel': 0.6542537484327784, 'colsample_bytree': 0.9188560003287417, 'gamma': 0.040883398250097604, 'max_bin': 929, 'max_delta_step': 8, 'max_depth': 5, 'min_child_samples': 9, 'min_child_weight': 18, 'reg_alpha': 1.0, 'reg_lambda': 0.004271958450193768, 'scale_pos_weight': 6.954888662473871, 'subsample': 0.6661655088823851, 'subsample_for_bin': 114457, 'subsample_freq': 0}"
30,0.8919238040135393,0.8906699597160943,0.8808670012314128,0.8886983069621233,0.884983570849551,0.875677586430945,0.8872705333826618,0.8793906122050932,0.8841239053945069,0.883235372881802,0.8846842119617476,0.004871099960067517,1,215.5629297733307,7.3906000048986105,2.6529647588729857,0.5497749438876844,0.4279945324331457,0.6485792782082017,0.49999999999999994,502,6,5,41,20,0.08087494196199538,0.0013670002678570678,0.6862264648427207,1.0,415169,1,"{'colsample_bylevel': 0.4279945324331457, 'colsample_bytree': 0.6485792782082017, 'gamma': 0.49999999999999994, 'max_bin': 502, 'max_delta_step': 6, 'max_depth': 5, 'min_child_samples': 41, 'min_child_weight': 20, 'reg_alpha': 0.08087494196199538, 'reg_lambda': 0.0013670002678570678, 'scale_pos_weight': 0.6862264648427207, 'subsample': 1.0, 'subsample_for_bin': 415169, 'subsample_freq': 1}"
31,0.8781848882755889,0.8770095542780765,0.8687184025049042,0.8754145962636832,0.8689860336751175,0.8674757739645924,0.8760899615949622,0.8673327306585512,0.8722769342222787,0.8713787269217612,0.8722868245688147,0.003917750547884129,1,17.017881417274474,0.140351988266806,5.0818586349487305,0.9726275687270582,0.04554363193024682,0.01,0.49999999999999994,599,0,10,0,19,0.0001,0.0001,0.15905530993669978,1.0,368416,1,"{'colsample_bylevel': 0.04554363193024682, 'colsample_bytree': 0.01, 'gamma': 0.49999999999999994, 'max_bin': 599, 'max_delta_step': 0, 'max_depth': 10, 'min_child_samples': 0, 'min_child_weight': 19, 'reg_alpha': 0.0001, 'reg_lambda': 0.0001, 'scale_pos_weight': 0.15905530993669978, 'subsample': 1.0, 'subsample_for_bin': 368416, 'subsample_freq': 1}"
32,0.8895646275131032,0.8863905682444015,0.8793053037381732,0.8869544501030303,0.8826464391131352,0.8747223133233912,0.8878943637008153,0.8780551044954482,0.8819041220787947,0.8846327992334473,0.8832070197790507,0.0045208214094888816,1,121.76117432117462,1.79276703122346,1.9801462650299073,0.46177915788096996,0.20957645392267568,0.7705888413480931,0.49999999999999994,350,16,3,42,13,0.0001,0.0002459370160040851,0.02811453384355297,1.0,418357,4,"{'colsample_bylevel': 0.20957645392267568, 'colsample_bytree': 0.7705888413480931, 'gamma': 0.49999999999999994, 'max_bin': 350, 'max_delta_step': 16, 'max_depth': 3, 'min_child_samples': 42, 'min_child_weight': 13, 'reg_alpha': 0.0001, 'reg_lambda': 0.0002459370160040851, 'scale_pos_weight': 0.02811453384355297, 'subsample': 1.0, 'subsample_for_bin': 418357, 'subsample_freq': 4}"
33,0.8930299097170225,0.8890846704578504,0.8810843548696496,0.8898434744404499,0.8838399503722083,0.8776241004189278,0.8874199121064877,0.8805128875913494,0.8843746758946083,0.8860182288482049,0.8852833037698923,0.0044981909365579146,1,334.794092130661,15.259305583145796,3.172741937637329,0.6171732094297218,0.25362465568361986,0.5095232629363009,0.01,862,2,14,0,20,0.0001,0.0001,12.63814792521758,0.921849619520167,224116,7,"{'colsample_bylevel': 0.25362465568361986, 'colsample_bytree': 0.5095232629363009, 'gamma': 0.01, 'max_bin': 862, 'max_delta_step': 2, 'max_depth': 14, 'min_child_samples': 0, 'min_child_weight': 20, 'reg_alpha': 0.0001, 'reg_lambda': 0.0001, 'scale_pos_weight': 12.63814792521758, 'subsample': 0.921849619520167, 'subsample_for_bin': 224116, 'subsample_freq': 7}"
34,0.8833603800672017,0.8797520002722721,0.8697637884197695,0.8794426000754938,0.8734301807515948,0.8717891994579308,0.8764750181499019,0.8747331693521299,0.8735683248994983,0.8762559809538257,0.8758571387443655,0.003885237367906655,1,184.7484120130539,3.4991332997267057,1.74196195602417,0.4045020357604418,0.8769518916205458,0.7396180034914493,0.03984768103377315,871,0,3,4,16,0.037840129396513544,0.0001,499.99999999999994,0.5004998878637137,346835,2,"{'colsample_bylevel': 0.8769518916205458, 'colsample_bytree': 0.7396180034914493, 'gamma': 0.03984768103377315, 'max_bin': 871, 'max_delta_step': 0, 'max_depth': 3, 'min_child_samples': 4, 'min_child_weight': 16, 'reg_alpha': 0.037840129396513544, 'reg_lambda': 0.0001, 'scale_pos_weight': 499.99999999999994, 'subsample': 0.5004998878637137, 'subsample_for_bin': 346835, 'subsample_freq': 2}"
35,0.5,0.5,0.5,0.5,0.5,0.5,0.5,0.5,0.5,0.5,0.5,0.0,1,67.19797444343567,0.43458628061228377,0.004960250854492187,0.004789120114420802,1.0,0.8450015383168678,0.014652006706126909,236,0,10,11,10,0.015203735628146042,0.0001,0.001663603100263122,1.0,258398,7,"{'colsample_bylevel': 1.0, 'colsample_bytree': 0.8450015383168678, 'gamma': 0.014652006706126909, 'max_bin': 236, 'max_delta_step': 0, 'max_depth': 10, 'min_child_samples': 11, 'min_child_weight': 10, 'reg_alpha': 0.015203735628146042, 'reg_lambda': 0.0001, 'scale_pos_weight': 0.001663603100263122, 'subsample': 1.0, 'subsample_for_bin': 258398, 'subsample_freq': 7}"
36,0.8931617915508994,0.8893956176556129,0.8822651033706058,0.8891140634765443,0.8853826971033953,0.8800865392350389,0.8882128577156045,0.879821333758508,0.8845588838545594,0.8851436280299501,0.8857144108082771,0.004085244515201218,1,34.22282605171203,0.35179022345246386,4.121763730049134,0.8080865560635185,0.01,0.0737907274814089,0.49999999999999994,342,4,10,39,20,0.00030067180042688956,0.00028507614326369333,0.597049878471255,1.0,461554,1,"{'colsample_bylevel': 0.01, 'colsample_bytree': 0.0737907274814089, 'gamma': 0.49999999999999994, 'max_bin': 342, 'max_delta_step': 4, 'max_depth': 10, 'min_child_samples': 39, 'min_child_weight': 20, 'reg_alpha': 0.00030067180042688956, 'reg_lambda': 0.00028507614326369333, 'scale_pos_weight': 0.597049878471255, 'subsample': 1.0, 'subsample_for_bin': 461554, 'subsample_freq': 1}"
37,0.8909983106749255,0.8886518969326065,0.8824894185132701,0.8922935372486898,0.8864795208009753,0.8810897693730934,0.8907592618678688,0.8836467448595917,0.8840801753535941,0.8867720883145591,0.8867261235824726,0.0036809489669626903,1,61.26234209537506,0.8810144070726542,4.416369795799255,0.8791122448366454,0.01,0.1622803026318603,0.3331088502993336,247,19,12,50,11,0.38854513713292804,0.005227490286578846,18.727085145169553,0.43513562665576727,434617,0,"{'colsample_bylevel': 0.01, 'colsample_bytree': 0.1622803026318603, 'gamma': 0.3331088502993336, 'max_bin': 247, 'max_delta_step': 19, 'max_depth': 12, 'min_child_samples': 50, 'min_child_weight': 11, 'reg_alpha': 0.38854513713292804, 'reg_lambda': 0.005227490286578846, 'scale_pos_weight': 18.727085145169553, 'subsample': 0.43513562665576727, 'subsample_for_bin': 434617, 'subsample_freq': 0}"
38,0.8826855008879787,0.8806508078439138,0.8733187966807546,0.8816022134490078,0.8786234630545224,0.8730739837750537,0.879074440139379,0.8745091012663909,0.8763457629847262,0.8806479476292126,0.878053252634232,0.003340537631907396,1,183.9957710504532,9.084418258565698,2.9857070684432983,0.649011344695844,0.7191389959185569,0.5030195716089624,0.15331124323209516,508,20,15,9,12,0.00024452529735622834,0.06719063211049359,18.527989236155268,0.42909341173072807,127326,5,"{'colsample_bylevel': 0.7191389959185569, 'colsample_bytree': 0.5030195716089624, 'gamma': 0.15331124323209516, 'max_bin': 508, 'max_delta_step': 20, 'max_depth': 15, 'min_child_samples': 9, 'min_child_weight': 12, 'reg_alpha': 0.00024452529735622834, 'reg_lambda': 0.06719063211049359, 'scale_pos_weight': 18.527989236155268, 'subsample': 0.42909341173072807, 'subsample_for_bin': 127326, 'subsample_freq': 5}"
39,0.8888417913033793,0.8878718216864786,0.8771128165937514,0.8862923336819242,0.8820655402436834,0.877650399435654,0.8838425625649178,0.8808433783430262,0.8794904560153187,0.8820380211421203,0.8826050428769409,0.003871787406760577,1,108.1041050195694,2.0654943552413236,1.6465590000152588,0.4565161215975427,0.3466333776913504,0.6394591545456476,0.1253322591777516,267,0,3,2,10,0.20728277050899271,0.00028644398419516584,0.4878793281712175,1.0,281382,10,"{'colsample_bylevel': 0.3466333776913504, 'colsample_bytree': 0.6394591545456476, 'gamma': 0.1253322591777516, 'max_bin': 267, 'max_delta_step': 0, 'max_depth': 3, 'min_child_samples': 2, 'min_child_weight': 10, 'reg_alpha': 0.20728277050899271, 'reg_lambda': 0.00028644398419516584, 'scale_pos_weight': 0.4878793281712175, 'subsample': 1.0, 'subsample_for_bin': 281382, 'subsample_freq': 10}"
40,0.8937492651745327,0.8874572254227953,0.8800084156853523,0.8898918182211963,0.8839571356967383,0.8782827360878201,0.8861389702001056,0.8764448328119268,0.8849245908338738,0.8839098990880933,0.8844766906781446,0.005005938399761338,1,110.17695817947387,3.9574732959257,3.62602641582489,0.7367501374171695,0.999060573341503,0.3449007911938272,0.3919868360014033,226,7,15,50,20,0.40026829054209584,0.0001,58.15196584008848,1.0,286072,0,"{'colsample_bylevel': 0.999060573341503, 'colsample_bytree': 0.3449007911938272, 'gamma': 0.3919868360014033, 'max_bin': 226, 'max_delta_step': 7, 'max_depth': 15, 'min_child_samples': 50, 'min_child_weight': 20, 'reg_alpha': 0.40026829054209584, 'reg_lambda': 0.0001, 'scale_pos_weight': 58.15196584008848, 'subsample': 1.0, 'subsample_for_bin': 286072, 'subsample_freq': 0}"
41,0.8922958577501656,0.8910551629610836,0.8810568956021857,0.8910884234822374,0.8875601009882242,0.8811841364331109,0.887668360657514,0.884060825777969,0.8857450128403783,0.88781309548319,0.8869528656854163,0.003767991872463764,1,27.998836278915405,0.30165642234656653,5.317202687263489,1.0109759605372024,0.03492951563373025,0.03646282298113191,0.18625045635930204,373,16,15,50,15,1.0,0.018808222307740322,20.071310740249746,0.2717483495765982,280191,0,"{'colsample_bylevel': 0.03492951563373025, 'colsample_bytree': 0.03646282298113191, 'gamma': 0.18625045635930204, 'max_bin': 373, 'max_delta_step': 16, 'max_depth': 15, 'min_child_samples': 50, 'min_child_weight': 15, 'reg_alpha': 1.0, 'reg_lambda': 0.018808222307740322, 'scale_pos_weight': 20.071310740249746, 'subsample': 0.2717483495765982, 'subsample_for_bin': 280191, 'subsample_freq': 0}"
42,0.8943491148060371,0.892217734200479,0.8818458661039708,0.8911158827497014,0.8867622352307816,0.8811354059021183,0.8908656845338069,0.8837098244761297,0.886308859474094,0.8850592638802246,0.8873370930045045,0.004336826150622802,1,82.4812836408615,2.801903814253756,4.172718739509582,0.7834256822370922,0.09312368407993966,0.10810984657070448,0.01,810,10,15,42,20,1.0,0.0058576643876571315,15.668900072795738,1.0,358216,2,"{'colsample_bylevel': 0.09312368407993966, 'colsample_bytree': 0.10810984657070448, 'gamma': 0.01, 'max_bin': 810, 'max_delta_step': 10, 'max_depth': 15, 'min_child_samples': 42, 'min_child_weight': 20, 'reg_alpha': 1.0, 'reg_lambda': 0.0058576643876571315, 'scale_pos_weight': 15.668900072795738, 'subsample': 1.0, 'subsample_for_bin': 358216, 'subsample_freq': 2}"
43,0.8937040153957538,0.8888773723260088,0.882994514334511,0.8930357109707122,0.8866837249308491,0.8792441971993095,0.8900870576106525,0.880196715525635,0.8860097150349299,0.8865758836177204,0.886741018017378,0.004663779860272514,1,64.55130698680878,1.186552509481805,3.872236204147339,0.8075221163404385,0.01,0.22780233562931587,0.047796269106510234,141,20,15,50,13,0.0001,0.005227857774801542,3.516517562608324,1.0,100000,0,"{'colsample_bylevel': 0.01, 'colsample_bytree': 0.22780233562931587, 'gamma': 0.047796269106510234, 'max_bin': 141, 'max_delta_step': 20, 'max_depth': 15, 'min_child_samples': 50, 'min_child_weight': 13, 'reg_alpha': 0.0001, 'reg_lambda': 0.005227857774801542, 'scale_pos_weight': 3.516517562608324, 'subsample': 1.0, 'subsample_for_bin': 100000, 'subsample_freq': 0}"
44,0.8557023229766774,0.8536618286789229,0.8436612408185492,0.8576654672252371,0.8480539501123123,0.850290526784775,0.8580515132142121,0.8470992664188889,0.8516092655055889,0.8552496946636967,0.8521043959434921,0.004558955862461644,1,22.009491395950317,0.1057410543128905,4.048236322402954,0.8436097485127505,0.01,0.02435562431779114,0.018368495393226176,846,20,5,49,16,0.06444321338368238,0.0001,21.78390030047219,0.16275534483471416,211434,6,"{'colsample_bylevel': 0.01, 'colsample_bytree': 0.02435562431779114, 'gamma': 0.018368495393226176, 'max_bin': 846, 'max_delta_step': 20, 'max_depth': 5, 'min_child_samples': 49, 'min_child_weight': 16, 'reg_alpha': 0.06444321338368238, 'reg_lambda': 0.0001, 'scale_pos_weight': 21.78390030047219, 'subsample': 0.16275534483471416, 'subsample_for_bin': 211434, 'subsample_freq': 6}"
45,0.8641698328620138,0.86281117924791,0.8527610873560515,0.8590751718718094,0.8549234079812875,0.8557514402579162,0.8646257250285987,0.858027519740437,0.859713641760409,0.8547973015855816,0.8586655529714331,0.003962391647224543,1,24.388927626609803,0.6129561068763201,5.2412845373153685,0.949769478315265,0.01,0.01,0.08561923315381612,100,17,15,42,18,0.37524472712696594,0.00653474906910317,9.423961310582278,0.2915174497096239,346844,2,"{'colsample_bylevel': 0.01, 'colsample_bytree': 0.01, 'gamma': 0.08561923315381612, 'max_bin': 100, 'max_delta_step': 17, 'max_depth': 15, 'min_child_samples': 42, 'min_child_weight': 18, 'reg_alpha': 0.37524472712696594, 'reg_lambda': 0.00653474906910317, 'scale_pos_weight': 9.423961310582278, 'subsample': 0.2915174497096239, 'subsample_for_bin': 346844, 'subsample_freq': 2}"
46,0.8934708049974319,0.8913761656652415,0.8808987147515825,0.888557916622835,0.8858800579197168,0.8795184031237044,0.8882875470775173,0.8832434997035644,0.8869675190283727,0.8828313537427497,0.8861032941356903,0.0042781289468627765,1,85.2552328824997,4.423531799810139,3.160249376296997,0.6157361479736433,0.52169171585377,0.22985041833960376,0.035017277381285704,268,19,14,43,17,1.0,0.07373968348914407,21.68929121165112,0.7495566890560736,346414,0,"{'colsample_bylevel': 0.52169171585377, 'colsample_bytree': 0.22985041833960376, 'gamma': 0.035017277381285704, 'max_bin': 268, 'max_delta_step': 19, 'max_depth': 14, 'min_child_samples': 43, 'min_child_weight': 17, 'reg_alpha': 1.0, 'reg_lambda': 0.07373968348914407, 'scale_pos_weight': 21.68929121165112, 'subsample': 0.7495566890560736, 'subsample_for_bin': 346414, 'subsample_freq': 0}"
47,0.8946144254747745,0.8891910267754931,0.8790879500999362,0.8902426006942941,0.8845902458493963,0.8790666788364078,0.8884384737673934,0.8796971094829948,0.8840186437031062,0.8865213178144578,0.8855469564625457,0.0049805488348469784,1,159.7029923915863,8.208656365011041,3.109271430969238,0.6072687081434432,0.01,0.2584591544558955,0.3729346534028127,780,20,12,50,13,0.0007114852620557058,0.0013322256089805412,2.4349021865955636,0.6940004257459398,136202,3,"{'colsample_bylevel': 0.01, 'colsample_bytree': 0.2584591544558955, 'gamma': 0.3729346534028127, 'max_bin': 780, 'max_delta_step': 20, 'max_depth': 12, 'min_child_samples': 50, 'min_child_weight': 13, 'reg_alpha': 0.0007114852620557058, 'reg_lambda': 0.0013322256089805412, 'scale_pos_weight': 2.4349021865955636, 'subsample': 0.6940004257459398, 'subsample_for_bin': 136202, 'subsample_freq': 3}"
48,0.893354393173394,0.8899246919921041,0.8768900484520707,0.8875929747591319,0.883990009467646,0.8755867001231412,0.8875313656620882,0.8785833479100136,0.882980345475063,0.8832682671603647,0.8839703238070856,0.005479526258889665,1,123.966508436203,3.7638290651728314,3.4142306327819822,0.6750135094751488,0.01,0.4389620247793266,0.10907671388117099,186,20,14,44,10,0.14166689848050104,0.08218660350602884,0.17443976591844154,0.9996156555789562,224322,8,"{'colsample_bylevel': 0.01, 'colsample_bytree': 0.4389620247793266, 'gamma': 0.10907671388117099, 'max_bin': 186, 'max_delta_step': 20, 'max_depth': 14, 'min_child_samples': 44, 'min_child_weight': 10, 'reg_alpha': 0.14166689848050104, 'reg_lambda': 0.08218660350602884, 'scale_pos_weight': 0.17443976591844154, 'subsample': 0.9996156555789562, 'subsample_for_bin': 224322, 'subsample_freq': 8}"
49,0.8898987797256239,0.8891256659839236,0.8813415437832218,0.8873845163765524,0.8837208312964487,0.8796715562211098,0.8875100811289007,0.8774494627783824,0.8835879221496914,0.8847953356686982,0.8844487079450255,0.003904160949079098,1,20.052345514297485,0.21954158567557985,2.0324837446212767,0.4500005328351497,0.01,0.01,0.14431130587860996,244,19,3,11,11,0.00016084142617595916,0.001328054671806765,0.030823752837319498,0.9107366822412353,434822,4,"{'colsample_bylevel': 0.01, 'colsample_bytree': 0.01, 'gamma': 0.14431130587860996, 'max_bin': 244, 'max_delta_step': 19, 'max_depth': 3, 'min_child_samples': 11, 'min_child_weight': 11, 'reg_alpha': 0.00016084142617595916, 'reg_lambda': 0.001328054671806765, 'scale_pos_weight': 0.030823752837319498, 'subsample': 0.9107366822412353, 'subsample_for_bin': 434822, 'subsample_freq': 4}"
